Id, Name, Gender, Age, Birthday
0a497257-2b1a-4836-940f-7b95db952e61, 강준영, Male, 28, 1994-09-08
3e00736a-5978-48ee-9aa9-366b0c4ed0b8, 장승현, Female, 43, 1979-11-05
7b5dda41-7547-4660-ab66-3ad52f739fff, 조하은, Male, 12, 2010-11-07
0a234508-1a52-4339-9e49-9c3dcf3d8d33, 장은지, Female, 37, 1985-12-25
3166575b-82ca-4327-8992-767848e2afa9, 최은지, Female, 51, 1971-10-08
e09c5eea-b984-473f-98be-7fa81361e86e, 이서준, Female, 35, 1987-08-10
38957748-049e-44b6-8c3e-5acfadfdedf2, 조예진, Female, 15, 2007-12-15
5d11492a-3d41-4241-ab3b-312c68372937, 이예지, Female, 29, 1993-08-14
c1da6b3f-51ad-4fc4-8143-5d2b161f44ee, 최서준, Female, 42, 1981-01-25
b94a544a-87a0-4696-9863-eb3b1c140291, 윤예진, Female, 25, 1998-05-08
6e637126-f456-449a-b310-361026e68f6a, 조예준, Female, 26, 1996-10-13
eaff5dba-872a-4a6d-a3de-b16e1011b511, 강지현, Male, 39, 1983-08-17
e6781d79-f7dc-4dbf-9d7c-f744738ac67c, 박수호, Male, 30, 1993-04-04
ead0a001-fa59-4f08-a40d-ff375e017653, 김지훈, Female, 49, 1973-11-24
16dccef2-f5df-47ae-b54a-cd1c626e91a1, 윤지아, Female, 41, 1981-07-03
2a912b2d-d8fc-44d1-856a-651cee31f9a6, 조지아, Female, 26, 1997-01-26
93b71d05-4dd6-4a0c-bbb1-75aad38480fd, 임민수, Male, 30, 1993-04-05
9d51a46c-780e-439e-97fc-86465b95ebab, 박아윤, Female, 37, 1986-05-28
096f8679-7bbc-442f-b135-c530f98d0a8f, 최성민, Female, 13, 2009-06-22
aa927e62-7fb6-4807-831e-c7de4e604cfd, 김하린, Male, 30, 1993-02-06
