Id,Name,Gender,Age,Birthdate,Address
0a497257-2b1a-4836-940f-7b95db952e61,강준영,Male,28,1994-09-08,대구 강서구 59길 66
3e00736a-5978-48ee-9aa9-366b0c4ed0b8,장승현,Female,43,1979-11-05,서울 강남구 88길 78
7b5dda41-7547-4660-ab66-3ad52f739fff,조하은,Male,12,2010-11-07,부산 중구 59로 2
0a234508-1a52-4339-9e49-9c3dcf3d8d33,장은지,Female,37,1985-12-25,광주 서구 31길 41
3166575b-82ca-4327-8992-767848e2afa9,최은지,Female,51,1971-10-08,서울 남구 21길 78
e09c5eea-b984-473f-98be-7fa81361e86e,이서준,Female,35,1987-08-10,서울 중구 52길 26
38957748-049e-44b6-8c3e-5acfadfdedf2,조예진,Female,15,2007-12-15,서울 남구 34로 97
5d11492a-3d41-4241-ab3b-312c68372937,이예지,Female,29,1993-08-14,서울 서구 49로 7
c1da6b3f-51ad-4fc4-8143-5d2b161f44ee,최서준,Female,42,1981-01-25,대구 강남구 25길 95
b94a544a-87a0-4696-9863-eb3b1c140291,윤예진,Female,25,1998-05-08,서울 중구 57로 91
6e637126-f456-449a-b310-361026e68f6a,조예준,Female,26,1996-10-13,부산 남구 82로 61
eaff5dba-872a-4a6d-a3de-b16e1011b511,강지현,Male,39,1983-08-17,광주 중구 5길 90
e6781d79-f7dc-4dbf-9d7c-f744738ac67c,박수호,Male,30,1993-04-04,인천 서구 35로 8
ead0a001-fa59-4f08-a40d-ff375e017653,김지훈,Female,49,1973-11-24,서울 강서구 19로 10
16dccef2-f5df-47ae-b54a-cd1c626e91a1,윤지아,Female,41,1981-07-03,부산 강남구 90로 64
2a912b2d-d8fc-44d1-856a-651cee31f9a6,조지아,Female,26,1997-01-26,광주 중구 46길 6
93b71d05-4dd6-4a0c-bbb1-75aad38480fd,임민수,Male,30,1993-04-05,인천 중구 15길 94
9d51a46c-780e-439e-97fc-86465b95ebab,박아윤,Female,37,1986-05-28,부산 강서구 46로 5
096f8679-7bbc-442f-b135-c530f98d0a8f,최성민,Female,13,2009-06-22,광주 중구 38길 45
aa927e62-7fb6-4807-831e-c7de4e604cfd,김하린,Male,30,1993-02-06,서울 강서구 32길 37
44fcdee2-e600-4bd1-b86a-43ae3ca41d14,김하윤,Female,52,1971-05-26,부산 남구 83로 41
cb5cbf9f-3945-45bc-9579-b582d4a269b1,장아린,Female,23,1999-11-23,인천 강남구 56로 4
0ce3e60c-ce9b-4c32-a8a1-61aaef3d2fcb,윤아윤,Male,47,1976-03-04,부산 남구 4길 31
102ca5f7-909a-4bdf-8fa5-a4575b6bf172,강수빈,Male,19,2004-04-11,대구 남구 78길 59
0f21dea4-02e7-43dc-9ec2-03b621702558,김준영,Female,32,1991-03-11,광주 중구 34로 27
4b7d5483-6463-4046-a817-747604b17f19,이현지,Male,42,1980-09-27,광주 강남구 47로 98
33a4f3f7-fd48-46b4-bf9e-c2f0be09cd3a,정지아,Male,26,1997-01-21,부산 강서구 38로 100
9dc3e937-587a-42fa-b17d-b11642fe0f7d,강이안,Female,19,2004-04-22,부산 서구 42로 6
1ae0c37e-5bc6-4b0b-876b-fab749e171f9,조이안,Male,46,1976-06-15,서울 강남구 39길 97
1ffc16e0-f13a-4123-96d5-849c435deecc,조예진,Female,45,1977-12-13,광주 남구 74로 24
7ec2af3b-b86b-4abe-8b58-356ca74c0aa1,정준혁,Male,28,1994-10-02,인천 남구 48길 46
0a678f31-09b1-421a-9811-2a03a3d09218,장승현,Female,40,1983-05-06,대구 강서구 9길 6
51127fb0-73ad-4945-a896-8c0f3b1f34c7,박승현,Female,28,1994-11-27,광주 강남구 72로 91
788f833c-ee36-4e94-a7aa-c4d129894ae9,윤아린,Male,38,1985-05-16,대구 강남구 86길 24
8efcfbb0-7c77-470e-9341-23011c62cc67,김도윤,Male,13,2009-12-11,인천 강서구 84로 33
5152a69e-0dca-4366-b99b-6e7895befadf,임이안,Male,34,1989-02-01,대구 서구 80로 80
6cf259ed-f64c-485e-b296-00c48ee92c65,장이안,Female,37,1986-05-19,대구 서구 90로 38
de4f5666-94b6-4aab-aad0-94b7329b1fbc,장이안,Male,25,1998-03-02,광주 남구 75로 5
e2c768fd-ff72-4c4f-b5f1-6bd352a67d71,최예지,Male,31,1991-10-06,인천 남구 98로 78
eb7349dc-5eb1-4d4b-bbc0-8f554229b366,최지원,Male,17,2005-10-24,대구 중구 86길 20
31691f48-c19c-48eb-99eb-feabdf5a4cde,장지안,Male,40,1983-03-11,인천 중구 63길 20
a5a282c9-137f-42b1-8b2d-6433f663b1c0,강민석,Female,16,2006-10-11,광주 강남구 92길 39
18a85fc1-6133-44c4-954b-e1ac8fedd97c,김준영,Female,34,1989-04-11,부산 강서구 65로 3
a41fc889-cd99-40ea-b2a6-1525c3f9f6f3,최준영,Female,12,2010-06-11,서울 강남구 83로 93
06dcbb0c-68db-420d-9218-9519ef908e44,박성민,Male,16,2006-06-15,서울 강서구 43길 77
c72cc902-0d35-4bff-a944-1fb3bded2099,윤서윤,Female,24,1998-12-10,인천 서구 44길 67
f87ff0f4-b809-49cb-b0fe-68ad6435ce78,최하린,Female,34,1988-11-25,인천 중구 53길 86
556ab94a-e782-49f0-a23c-55251ff06b88,임예지,Male,31,1992-05-24,대구 강서구 81길 64
934bfac0-ed07-48ce-89ff-bfec277e77eb,강지안,Female,40,1983-04-08,대구 강서구 21길 26
3b4514bb-48b4-41ca-b6ad-0cf514910c3d,윤현우,Female,30,1992-09-17,광주 중구 21로 96